icons/users.svg	User Personas	line	Line and Fill Icon	https://dbimtoolkit.digifootprint.gov.in/static/uploads/2024/11/cfa9300009a90a14b846fe1dbc2d50bb.svg
icons/photos.svg	Photos	line	Line and Fill Icon	https://dbimtoolkit.digifootprint.gov.in/static/uploads/2024/09/7b7340f5c47c473737bbbd8052025af7.svg
icons/acts-and-policies.svg	Acts And Policies	line	Line and Fill Icon	https://dbimtoolkit.digifootprint.gov.in/static/uploads/2024/08/7438f0601f35089dc7debbef71a99bb8.svg
icons/global-handshake.svg	Tenders	line	Line and Fill Icon	https://dbimtoolkit.digifootprint.gov.in/static/uploads/2024/08/1327f764ad601c7451be3b24caa75d02.svg
icons/ministry.svg	Ministry	line	Line and Fill Icon	https://dbimtoolkit.digifootprint.gov.in/static/uploads/2024/08/a0899b43f3ecc57fcbf765a0ba652985.svg
icons/explore-opportunity.svg	Important Links	line	Line and Fill Icon	https://dbimtoolkit.digifootprint.gov.in/static/uploads/2024/08/b8d56353ddd6f7aee161140053333290.svg
icons/announcements.svg	Announcements	line	Line and Fill Icon	https://dbimtoolkit.digifootprint.gov.in/static/uploads/2024/08/833ae883d9251e447e001c3f0e324aaf.svg
icons/job-opportunity.svg	Job Opportunity	line	Line and Fill Icon	https://dbimtoolkit.digifootprint.gov.in/static/uploads/2024/08/4a3e13bd97bf78a46e1cc807dd3a1f59.svg
icons/tenders-2.svg	Tenders	line	Line and Fill Icon	https://dbimtoolkit.digifootprint.gov.in/static/uploads/2024/08/4ef2ad9cb0c7e79633762126b3905836.svg
icons/sort-by.svg	Sort By	line	Same Icon	https://dbimtoolkit.digifootprint.gov.in/static/uploads/2024/08/d0dc048e1f30188c59ac0101a0e0b1b6.svg
icons/latest-update.svg	Latest Update	line	Same Icon	https://dbimtoolkit.digifootprint.gov.in/static/uploads/2024/08/078ba5786b79737e2acf2b5a8f52de11.svg
icons/reports.svg	Reports	line	Line and Fill Icon	https://dbimtoolkit.digifootprint.gov.in/static/uploads/2024/08/284cc0d243932d0a9baffbdbd105f46f.svg
icons/organization.svg	Organization	line	Line and Fill Icon	https://dbimtoolkit.digifootprint.gov.in/static/uploads/2024/08/78841e3b2ad34dd34e157bea40475272.svg
icons/videos.svg	Videos	line	Line and Fill Icon	https://dbimtoolkit.digifootprint.gov.in/static/uploads/2024/08/90fb2283b63ad5161dff07a0fbc340b5.svg
icons/awards-and-competitions.svg	Publications	line	Line and Fill Icon	https://dbimtoolkit.digifootprint.gov.in/static/uploads/2024/08/ff0395fb0a494b39080589f63eb9dbfe.svg
icons/due-date.svg	Due Date	line	Line and Fill Icon	https://dbimtoolkit.digifootprint.gov.in/static/uploads/2024/08/616a858d4269ec899cf828203977e0e5.svg
icons/start-date.svg	Start Date	line	Line and Fill Icon	https://dbimtoolkit.digifootprint.gov.in/static/uploads/2024/08/e4ba07f215b7935c9d91537dd29b1106.svg
icons/filter.svg	Filter	line	Line and Fill Icon	https://dbimtoolkit.digifootprint.gov.in/static/uploads/2024/08/0e79a5b8e1959a64a4c9fb3860a43976.svg
icons/skip-previous.svg	Skip Previous	line	Line and Fill Icon	https://dbimtoolkit.digifootprint.gov.in/static/uploads/2024/08/29f0f02082043c972ad3b922bb4fd70b.svg
icons/skip-next.svg	Skip Next	line	Line and Fill Icon	https://dbimtoolkit.digifootprint.gov.in/static/uploads/2024/08/8b8b1334932108199dc130c2f18837c7.svg
icons/play-2.svg	Play	line	Line and Fill Icon	https://dbimtoolkit.digifootprint.gov.in/static/uploads/2024/08/573862b0cb0124e7cb573a47c2f87105.svg
icons/apply.svg	Apply	line	Line and Fill Icon	https://dbimtoolkit.digifootprint.gov.in/static/uploads/2024/08/4391279f499f88d2693d0a4434d4abb5.svg
icons/circulars.svg	Circulars	line	Line and Fill Icon	https://dbimtoolkit.digifootprint.gov.in/static/uploads/2024/08/f523bb42a52e1feb0d7779539f9d5ec6.svg
icons/home.svg	Home	line	Line and Fill Icon	https://dbimtoolkit.digifootprint.gov.in/static/uploads/2024/08/0f0e809feaa0de1406c28085b3f554aa.svg
icons/site-map.svg	Site Map	line	Line and Fill Icon	https://dbimtoolkit.digifootprint.gov.in/static/uploads/2024/08/c234357ba8fbbb2e94d5e13d421cfd8d.svg
icons/feedback.svg	Feedback	line	Line and Fill Icon	https://dbimtoolkit.digifootprint.gov.in/static/uploads/2024/08/add367afd4ddeb099afba6cbaecd82d1.svg
icons/email.svg	Send Email	line	Line and Fill Icon	https://dbimtoolkit.digifootprint.gov.in/static/uploads/2024/08/29a8ad9d0fee3959d2b567cf20be3339.svg
icons/call.svg	Phone	line	Line and Fill Icon	https://dbimtoolkit.digifootprint.gov.in/static/uploads/2024/08/e7b3c1f4810c63f2a8a881117fe3a20e.svg
icons/fax.svg	Fax	line	Line and Fill Icon	https://dbimtoolkit.digifootprint.gov.in/static/uploads/2024/08/9c112f0a98410e03be2066e0ee9c9d5a.svg
icons/address.svg	Address	line	Line and Fill Icon	https://dbimtoolkit.digifootprint.gov.in/static/uploads/2024/08/299b4ce3ccdf385fc602f2e8cf2147fd.svg
icons/location.svg	Location	line	Line and Fill Icon	https://dbimtoolkit.digifootprint.gov.in/static/uploads/2024/08/422c0d471a741163e99a451c72f4ce4c.svg
icons/dark-contrast.svg	Dark Contrast	line	Line and Fill Icon	https://dbimtoolkit.digifootprint.gov.in/static/uploads/2024/08/8cf3186df8020d1defa812a817d119b2.svg
icons/invert.svg	Invert	line	Same Icon	https://dbimtoolkit.digifootprint.gov.in/static/uploads/2024/08/e6247f6b0409b580c3aef90d9d21cb35.svg
icons/saturation.svg	Saturation	line	Same Icon	https://dbimtoolkit.digifootprint.gov.in/static/uploads/2024/08/b930d2612e27ab2c9f044a4e8ec9c1e4.svg
icons/text-size-increase.svg	Text Size Increase	line	Same Icon	https://dbimtoolkit.digifootprint.gov.in/static/uploads/2024/08/3b189d1a0cd073872c0d39a3895f4e43.svg
icons/text-size-decrease.svg	Text Size Decrease	line	Same Icon	https://dbimtoolkit.digifootprint.gov.in/static/uploads/2024/08/ab2ae31d0ac45192ee4e7511bb8f7638.svg
icons/highlight-link.svg	Highlight Links	line	Same Icon	https://dbimtoolkit.digifootprint.gov.in/static/uploads/2024/08/ca182bb60da8a2baff098e863a0a1ad0.svg
icons/hide-image.svg	Hide Image	line	Line and Fill Icon	https://dbimtoolkit.digifootprint.gov.in/static/uploads/2024/08/8bb5a1c2db687b34e3f9dc7e2af8e9e0.svg
icons/default-cursor.svg	Default Cursor	line	Same Icon	https://dbimtoolkit.digifootprint.gov.in/static/uploads/2024/08/a0343be93d7ff59184aad67371f20329.svg
icons/language.svg	Language	line	Same Icon	https://dbimtoolkit.digifootprint.gov.in/static/uploads/2024/08/d56fb4a8f871492106f073dc6134d766.svg
icons/ministry-or-department.svg	Ministry	line	Line and Fill Icon	https://dbimtoolkit.digifootprint.gov.in/static/uploads/2024/08/a3fc2193533dd7e4e6cfbab682022925.svg
icons/department.svg	Department	line	Line and Fill Icon	https://dbimtoolkit.digifootprint.gov.in/static/uploads/2024/08/641e4392c65ee5448590d2013e6e3df5.svg
icons/offerings.svg	Offerings	line	Line and Fill Icon	https://dbimtoolkit.digifootprint.gov.in/static/uploads/2024/08/04f6de4ce2389aeaddcc8249a8b4d699.svg
icons/documents.svg	Document	line	Line and Fill Icon	https://dbimtoolkit.digifootprint.gov.in/static/uploads/2024/08/7fd59bafbd86f63f2661d835b976b912.svg
icons/resources.svg	Gallery	line	Line and Fill Icon	https://dbimtoolkit.digifootprint.gov.in/static/uploads/2024/08/7d26d3ca56cef080eb50014ba20399ab.svg
icons/connect.svg	Connect	line	Line and Fill Icon	https://dbimtoolkit.digifootprint.gov.in/static/uploads/2024/08/19ff814871fa6c5bd4f6f1a5ea87fda8.svg
icons/upload.svg	Upload	line	Same Icon	https://dbimtoolkit.digifootprint.gov.in/static/uploads/2024/08/a24db16cdfde9b9c2927ed7f299f5e63.svg
icons/download.svg	Download	line	Same Icon	https://dbimtoolkit.digifootprint.gov.in/static/uploads/2024/08/cc5476f15694d3b8928c66cccd9e9b8e.svg
icons/pdf.svg	PDF	line	Same Icon	https://dbimtoolkit.digifootprint.gov.in/static/uploads/2024/08/a35d16a404bdde98a7045cf6f96513fd.svg
icons/arrow.svg	Arrow Backward	line	Same Icon	https://dbimtoolkit.digifootprint.gov.in/static/uploads/2024/08/b10791215dcf3d1b166583c821cbfb58.svg
icons/arrow-right.svg	Arrow Right	line	Same Icon	https://dbimtoolkit.digifootprint.gov.in/static/uploads/2024/08/654159cb36f9d97abfea75f976a2d439.svg
icons/arrow-left.svg	Arrow Left	line	Same Icon	https://dbimtoolkit.digifootprint.gov.in/static/uploads/2024/08/4147db4e95a3f79353332e043c98fb84.svg
icons/arrow-forward.svg	Arrow Forward	line	Same Icon	https://dbimtoolkit.digifootprint.gov.in/static/uploads/2024/08/9a408976da42ab6cd0141ed9530c3da1.svg
icons/arrow-downward.svg	Arrow Downward	line	Same Icon	https://dbimtoolkit.digifootprint.gov.in/static/uploads/2024/08/87a25fa0bb1cccbbe0db9463038497fc.svg
icons/chevron-right.svg	Chevron Right	line	Same Icon	https://dbimtoolkit.digifootprint.gov.in/static/uploads/2024/08/5b20adef96d4bf8a0be8b728d87b6d39.svg
icons/chevron-left.svg	Chevron Left	line	Same Icon	https://dbimtoolkit.digifootprint.gov.in/static/uploads/2024/08/f5e8e5f599afd8126657cd173fca2541.svg
icons/schemes.svg	Schemes	line	Line and Fill Icon	https://dbimtoolkit.digifootprint.gov.in/static/uploads/2024/08/5f6589e9197fc4a947b2ea0d361f72c3.svg
icons/tenders.svg	Tenders	line	Line and Fill Icon	https://dbimtoolkit.digifootprint.gov.in/static/uploads/2024/08/c8d5bd2feea82e42dfd23b859cedb382.svg
icons/vacancy.svg	Vacancy	line	Line and Fill Icon	https://dbimtoolkit.digifootprint.gov.in/static/uploads/2024/08/4f10626bca7dff13ad76adb527eccdca.svg
icons/directory.svg	Community	line	Line and Fill Icon	https://dbimtoolkit.digifootprint.gov.in/static/uploads/2024/08/0a2784fcfe85a1bdeb08722bd4cdb3bb.svg
icons/awards.svg	Awards	line	Line and Fill Icon	https://dbimtoolkit.digifootprint.gov.in/static/uploads/2024/08/250688c36083dcfaea4a9a75b2970fc9.svg
icons/preferences.svg	Preferences	line	Line and Fill Icon	https://dbimtoolkit.digifootprint.gov.in/static/uploads/2024/08/215efebc67aea78a8ff76a9b5a2a289f.svg
icons/edit.svg	Edit	line	Line and Fill Icon	https://dbimtoolkit.digifootprint.gov.in/static/uploads/2024/08/40a1e5266a7c2fd52d65484ada34abc2.svg
icons/view.svg	View	line	Line and Fill Icon	https://dbimtoolkit.digifootprint.gov.in/static/uploads/2024/08/7e46413d2db0a1987a4a43a4e1d34edd.svg
icons/settings.svg	Settings	line	Line and Fill Icon	https://dbimtoolkit.digifootprint.gov.in/static/uploads/2024/08/9847b70e78813d8c32d2a5faab69ea7d.svg
icons/shopping-cart.svg	Shopping Cart	line	Line and Fill Icon	https://dbimtoolkit.digifootprint.gov.in/static/uploads/2024/08/b1fded8c9ec920e4db778ac3c7b5a795.svg
icons/search.svg	Search	line	Same Icon	https://dbimtoolkit.digifootprint.gov.in/static/uploads/2024/08/b09984bc3673d01e5e74eb5ade4c008f.svg
icons/chat.svg	Chat	line	Line and Fill Icon	https://dbimtoolkit.digifootprint.gov.in/static/uploads/2024/08/5efcf08cffc1160a531c2cacdea0ac83.svg
icons/helpdesk.svg	Helpdesk	line	Same Icon	https://dbimtoolkit.digifootprint.gov.in/static/uploads/2024/08/b1c6c9b73548962f6fba51f9292e1eaa.svg
icons/help.svg	Help	line	Line and Fill Icon	https://dbimtoolkit.digifootprint.gov.in/static/uploads/2024/08/407827b56fa0f04a42c264cd2fe21132.svg
icons/currency-rupee-2.svg	Currency Rupee	line	Same Icon	https://dbimtoolkit.digifootprint.gov.in/static/uploads/2024/08/67d90c9df5278a5453116a66a27ca752.svg
icons/currency-rupee-circle.svg	Currency Rupee Circle	line	Line and Fill Icon	https://dbimtoolkit.digifootprint.gov.in/static/uploads/2024/08/6079f9f5a05ca750df02abb578d9636c.svg
icons/payments.svg	Payments	line	Line and Fill Icon	https://dbimtoolkit.digifootprint.gov.in/static/uploads/2024/08/3f84748720c5168d281bfc917b0bb3a9.svg
icons/aggregator.svg	Aggregator	line	Line and Fill Icon	https://dbimtoolkit.digifootprint.gov.in/static/uploads/2024/08/d10f1cfd0fb1c5cfc3d78bb99e9e94a2.svg
icons/twitter.svg	X	line	Same Icon	https://dbimtoolkit.digifootprint.gov.in/static/uploads/2024/08/3a967c46a9b5975290389a4851b5e643.svg
icons/facebook.svg	Facebook	line	Line and Fill Icon	https://dbimtoolkit.digifootprint.gov.in/static/uploads/2024/08/0102dafcdbdca49328ada5dc6c215f84.svg
icons/instagram.svg	Instagram	line	Line and Fill Icon	https://dbimtoolkit.digifootprint.gov.in/static/uploads/2024/08/46117a9ef89997ec9b84ec275aba6233.svg
icons/youtube.svg	YouTube	line	Line and Fill Icon	https://dbimtoolkit.digifootprint.gov.in/static/uploads/2024/08/13d49da3727afa3fd68f4d7ad9a44902.svg
icons/thumb-up.svg	Like	line	Line and Fill Icon	https://dbimtoolkit.digifootprint.gov.in/static/uploads/2024/08/302c382ef608776cbe5e39cf6bbd3a18.svg
icons/share.svg	Share	line	Line and Fill Icon	https://dbimtoolkit.digifootprint.gov.in/static/uploads/2024/08/728341f643560cdf7c4567134ddc4a0b.svg
icons/subscribe.svg	Subscribe	line	Line and Fill Icon	https://dbimtoolkit.digifootprint.gov.in/static/uploads/2024/08/b7870377682705bcab441884ab7ef730.svg
icons/tools.svg	Tools	line	Same Icon	https://dbimtoolkit.digifootprint.gov.in/static/uploads/2024/08/6b8dfe83d38b45a578b354125631500b.svg
icons/cloud.svg	Cloud	line	Line and Fill Icon	https://dbimtoolkit.digifootprint.gov.in/static/uploads/2024/08/c358196bea91e19a885edd9a171e27cc.svg
icons/star.svg	Star Rating	line	Line and Fill Icon	https://dbimtoolkit.digifootprint.gov.in/static/uploads/2024/08/53be18ed765171380a5d619f40938958.svg
icons/announcement.svg	Announcement	line	Line and Fill Icon	https://dbimtoolkit.digifootprint.gov.in/static/uploads/2024/08/ad257849c294cdc3212d9975879becdc.svg
icons/subsidy.svg	Subsidy	line	Line and Fill Icon	https://dbimtoolkit.digifootprint.gov.in/static/uploads/2024/08/30870fe1b561d9a174089fbf027ed165.svg
icons/result.svg	Result	line	Line and Fill Icon	https://dbimtoolkit.digifootprint.gov.in/static/uploads/2024/08/97fb0bcc25bc3126be68bc393c39ae80.svg
icons/scholarship.svg	Scholarship	line	Line and Fill Icon	https://dbimtoolkit.digifootprint.gov.in/static/uploads/2024/08/fc8a580a4975bb321a6280ba14edf42c.svg
icons/loan.svg	loan	line	Line and Fill Icon	https://dbimtoolkit.digifootprint.gov.in/static/uploads/2024/08/f005b79acec32fcf9379e01d61eb3110.svg
icons/policy.svg	Policy	line	Line and Fill Icon	https://dbimtoolkit.digifootprint.gov.in/static/uploads/2024/08/58c8fb447838279ffceeccd45b4072ae.svg
icons/whats-new.svg	What's New	line	Line and Fill Icon	https://dbimtoolkit.digifootprint.gov.in/static/uploads/2024/08/20de2e420d7c6d07d6194a15859ad9f5.svg
icons/form.svg	Forms	line	Line and Fill Icon	https://dbimtoolkit.digifootprint.gov.in/static/uploads/2024/08/46e7fde9d783327f484fb740345d2cec.svg
icons/video-gallery.svg	Video Gallery	line	Line and Fill Icon	https://dbimtoolkit.digifootprint.gov.in/static/uploads/2024/08/a9d0de4f5bd498f59cd56949cccaf7a4.svg
icons/photo-gallery.svg	Photo Gallery	line	Line and Fill Icon	https://dbimtoolkit.digifootprint.gov.in/static/uploads/2024/08/7c2b437c5d7660cf1d71e818a9c29105.svg
icons/register.svg	Register	line	Line and Fill Icon	https://dbimtoolkit.digifootprint.gov.in/static/uploads/2024/08/f60c2a45aee7d2d84ff3abbe878f637f.svg
icons/revert.svg	Revert	line	Same Icon	https://dbimtoolkit.digifootprint.gov.in/static/uploads/2024/08/64c3f8e4577561b31d32ce803adc26f5.svg
icons/security.svg	Security	line	Line and Fill Icon	https://dbimtoolkit.digifootprint.gov.in/static/uploads/2024/08/8ec76485d8acdc979e056b2be4fb7d16.svg
icons/security-certified.svg	Security Certified	line	Line and Fill Icon	https://dbimtoolkit.digifootprint.gov.in/static/uploads/2024/08/2a969760037b2a7cfed50c3b3c7ebac0.svg
icons/volume-down.svg	Volume Down	line	Line and Fill Icon	https://dbimtoolkit.digifootprint.gov.in/static/uploads/2024/08/4ffdb9bdcbb5553e48151e913386b1d4.svg
icons/play-circle.svg	Play circle	line	Line and Fill Icon	https://dbimtoolkit.digifootprint.gov.in/static/uploads/2024/08/50baa462c9647798047d5226f1952e30.svg
icons/volume-off.svg	Volume off	line	Line and Fill Icon	https://dbimtoolkit.digifootprint.gov.in/static/uploads/2024/08/318331470b49b7e119eaaee1dcc6ae68.svg
icons/volume.svg	Volume Up	line	Line and Fill Icon	https://dbimtoolkit.digifootprint.gov.in/static/uploads/2024/08/24de0c83de515c45a5a53046c6e828f3.svg
icons/volume-mute.svg	Mute	line	Line and Fill Icon	https://dbimtoolkit.digifootprint.gov.in/static/uploads/2024/08/3cf9d9f383fcc22497bac0d4a4cb1dc5.svg
icons/video.svg	Video	line	Line and Fill Icon	https://dbimtoolkit.digifootprint.gov.in/static/uploads/2024/08/e98c3335636f1ee0d1eda07369e80565.svg
icons/workshop.svg	Meeting	line	Line and Fill Icon	https://dbimtoolkit.digifootprint.gov.in/static/uploads/2024/08/4f5e0861d6053cdd4fb71c8a3d0b04bf.svg
icons/training.svg	Training	line	Line and Fill Icon	https://dbimtoolkit.digifootprint.gov.in/static/uploads/2024/08/5c78658743f2f14e6825f50a262f35e6.svg
icons/certificate.svg	Certificate	line	Line and Fill Icon	https://dbimtoolkit.digifootprint.gov.in/static/uploads/2024/08/0ea8b66b414fcdb84662b644f0909c27.svg
icons/biometrics.svg	Biometrics	line	Same Icon	https://dbimtoolkit.digifootprint.gov.in/static/uploads/2024/08/a55761217ad188ef5ddca6a44f7cf871.svg
icons/microphone.svg	Microphone	line	Line and Fill Icon	https://dbimtoolkit.digifootprint.gov.in/static/uploads/2024/08/05e25056065c38fcc3811ca31d2fd27b.svg
icons/presentation.svg	Presentations	line	Line and Fill Icon	https://dbimtoolkit.digifootprint.gov.in/static/uploads/2024/08/25963920ac7045ab1b46b69e8064e4cf.svg
icons/brochure.svg	Brochures	line	Line and Fill Icon	https://dbimtoolkit.digifootprint.gov.in/static/uploads/2024/08/e26c571404faea4c64ab9a3b2a3915f4.svg
icons/notices.svg	Notices	line	Line and Fill Icon	https://dbimtoolkit.digifootprint.gov.in/static/uploads/2024/08/26dfd9158bc922bb7929ea675e0677c9.svg
icons/e-book.svg	ebook	line	Line and Fill Icon	https://dbimtoolkit.digifootprint.gov.in/static/uploads/2024/08/9558060125bd3b6f4d712e1674b93d86.svg
icons/flipbook.svg	Flipbook	line	Line and Fill Icon	https://dbimtoolkit.digifootprint.gov.in/static/uploads/2024/08/fac2c4b4cbfe4d83dcb5dc29a9c21958.svg
icons/newsletter.svg	Newsletter	line	Line and Fill Icon	https://dbimtoolkit.digifootprint.gov.in/static/uploads/2024/08/8069063c91dcb95827e0108c760f289d.svg
icons/skip-to-content.svg	Skip to Content	line	Line and Fill Icon	https://dbimtoolkit.digifootprint.gov.in/static/uploads/2024/08/b6423ce12c836829d8ec0bdcdf05f2ce.svg
icons/login.svg	Login	line	Same Icon	https://dbimtoolkit.digifootprint.gov.in/static/uploads/2024/08/fa4ec22a30825a0504cd5fa000c2ad2f.svg
icons/logout.svg	Logout	line	Same Icon	https://dbimtoolkit.digifootprint.gov.in/static/uploads/2024/08/bee4ab8952bd981f7f412af333b31e3e.svg
icons/check.svg	Success	line	Same Icon	https://dbimtoolkit.digifootprint.gov.in/static/uploads/2024/08/0215886aa4cce16ca552e00ddb2428c5.svg
icons/pending-actions.svg	Pending Actions	line	Line and Fill Icon	https://dbimtoolkit.digifootprint.gov.in/static/uploads/2024/08/215708a48ace440687d719a65fb64d7f.svg
icons/cancel.svg	Cancel	line	Line and Fill Icon	https://dbimtoolkit.digifootprint.gov.in/static/uploads/2024/08/45e77f1e314e8d29b1cb0939d341f942.svg
icons/calendar.svg	Date	line	Line and Fill Icon	https://dbimtoolkit.digifootprint.gov.in/static/uploads/2024/08/247d3623bb56e371605f0828177e8736.svg
icons/schedule.svg	Time	line	Line and Fill Icon	https://dbimtoolkit.digifootprint.gov.in/static/uploads/2024/08/60b7c12d0f0c1c554c08962bbcc09c6b.svg
icons/notifications.svg	Notifications	line	Line and Fill Icon	https://dbimtoolkit.digifootprint.gov.in/static/uploads/2024/08/fe9bd8d263634ba12644accf54334643.svg
icons/event.svg	Event	line	Line and Fill Icon	https://dbimtoolkit.digifootprint.gov.in/static/uploads/2024/08/f6dc5eb5fc8a117abd03c5534dc3c3c3.svg
icons/pause.svg	Pause	line	Line and Fill Icon	https://dbimtoolkit.digifootprint.gov.in/static/uploads/2024/08/63c1faf84c5ff0df6d9e9b92db2299d4.svg
icons/contact-mail.svg	Contact Mail	line	Line and Fill Icon	https://dbimtoolkit.digifootprint.gov.in/static/uploads/2024/08/7cddd3084bcafab152683a4cbb32358a.svg
icons/shopping-cart-2.svg	Shopping Cart	line	Line and Fill Icon	https://dbimtoolkit.digifootprint.gov.in/static/uploads/2024/08/c5216da0dd40eddb5e93a1e0dc3ad9ea.svg
icons/timeline-2.svg	Timeline	line	Same Icon	https://dbimtoolkit.digifootprint.gov.in/static/uploads/2024/08/6eb72ae17ae0de458117893334adf40d.svg
icons/id-card-2.svg	ID Card	line	Line and Fill Icon	https://dbimtoolkit.digifootprint.gov.in/static/uploads/2024/08/821d0479a3d9ad8f1c3980181980e783.svg
icons/smartphone.svg	Smartphone	line	Line and Fill Icon	https://dbimtoolkit.digifootprint.gov.in/static/uploads/2024/08/aa7119e61128ea7a4ffe85683b03fcaa.svg
icons/send.svg	Send	line	Line and Fill Icon	https://dbimtoolkit.digifootprint.gov.in/static/uploads/2024/08/a7e107f02b7a6bcb4e3a4f55ad6499d8.svg
icons/phone-in-talk.svg	Phone In Talk	line	Line and Fill Icon	https://dbimtoolkit.digifootprint.gov.in/static/uploads/2024/08/b3cc9d0780f796897b2e806f6c783b27.svg
icons/shopping-cart-off.svg	Shopping Cart Off	line	Line and Fill Icon	https://dbimtoolkit.digifootprint.gov.in/static/uploads/2024/08/bab5c246c3d14f29f941356ca33fdcf7.svg
icons/shopping-cart-checkout.svg	Shopping Cart Checkout	line	Same Icon	https://dbimtoolkit.digifootprint.gov.in/static/uploads/2024/08/5c4d21d6cbe78635d8da387f5a58f174.svg
icons/add-shopping-cart.svg	Add Shopping Cart	line	Same Icon	https://dbimtoolkit.digifootprint.gov.in/static/uploads/2024/08/cd3852838fd6645a98802fc087a5755e.svg
icons/hide.svg	Hide	line	Same Icon	https://dbimtoolkit.digifootprint.gov.in/static/uploads/2024/08/2565a07b6778d61b1263e0df0b7b29c0.svg
icons/check-box.svg	Check Box	line	Same Icon	https://dbimtoolkit.digifootprint.gov.in/static/uploads/2024/08/f751f13c576ae760142210662aa7695f.svg
icons/reddit.svg	Reddit	line	Line and Fill Icon	https://dbimtoolkit.digifootprint.gov.in/static/uploads/2024/08/27f85c26facefc3c786e897483aee497.svg
icons/indeterminate-check-box.svg	Indeterminate Check Box	line	Line and Fill Icon	https://dbimtoolkit.digifootprint.gov.in/static/uploads/2024/08/060c29be4c6ebc6be37e4c183497b5b4.svg
icons/remove.svg	Remove	line	Same Icon	https://dbimtoolkit.digifootprint.gov.in/static/uploads/2024/08/f2669f4962b2e12de2f01c02e48aeb77.svg
icons/menu.svg	Menu	line	Same Icon	https://dbimtoolkit.digifootprint.gov.in/static/uploads/2024/08/701458e2825af385ba227926e43a56f1.svg
icons/account-circle.svg	Account Circle	line	Line and Fill Icon	https://dbimtoolkit.digifootprint.gov.in/static/uploads/2024/08/23a330eaec8051bd05117cfc4d37ef81.svg
icons/block.svg	Block	line	Same Icon	https://dbimtoolkit.digifootprint.gov.in/static/uploads/2024/08/8b0a0606d6cac17ad95b1ba486f2e664.svg
icons/radio-button-unchecked.svg	Radio Button Unchecked	line	Line and Fill Icon	https://dbimtoolkit.digifootprint.gov.in/static/uploads/2024/08/20bdad11a009c1a189caa471793b55e0.svg
icons/menu-close.svg	Menu Close	line	Same Icon	https://dbimtoolkit.digifootprint.gov.in/static/uploads/2024/08/52785eb6abbba6d278e27b664d3ff00c.svg
icons/create-new-folder.svg	Create New Folder	line	Line and Fill Icon	https://dbimtoolkit.digifootprint.gov.in/static/uploads/2024/08/7798aba11a10049cc643af0cfc3327d4.svg
icons/check-indeterminate-small.svg	Check Indeterminate Small	line	Same Icon	https://dbimtoolkit.digifootprint.gov.in/static/uploads/2024/08/f747f475b8af08f59d7d5d86e98bc661.svg
icons/attachment.svg	Attachment	line	Same Icon	https://dbimtoolkit.digifootprint.gov.in/static/uploads/2024/08/694ef7fdc6ea89ad81e1148dfc52e8d4.svg
icons/refresh.svg	Refresh	line	Same Icon	https://dbimtoolkit.digifootprint.gov.in/static/uploads/2024/08/0229ab4b8ed4ae93f42fefb3493ac2cb.svg
icons/more-vert-2.svg	More Vertical	line	Same Icon	https://dbimtoolkit.digifootprint.gov.in/static/uploads/2024/08/447a88c72e3aa0b8d5eb67c3144bd7e9.svg
icons/delete-forever.svg	Delete Forever	line	Line and Fill Icon	https://dbimtoolkit.digifootprint.gov.in/static/uploads/2024/08/271cd85a415677c7cdfa0e611b9e8e26.svg
icons/fullscreen.svg	Fullscreen	line	Same Icon	https://dbimtoolkit.digifootprint.gov.in/static/uploads/2024/08/44c60d6133ed6218d3a31b54384b79fa.svg
icons/external-link.svg	External Link	line	Same Icon	https://dbimtoolkit.digifootprint.gov.in/static/uploads/2024/08/08936a444c69458d7982007904dce383.svg
icons/radio-button-checked.svg	Radio Button Checked	line	Line and Fill Icon	https://dbimtoolkit.digifootprint.gov.in/static/uploads/2024/08/68d19723a5e0d0180a031a5324d03a00.svg
icons/list.svg	List	line	Line and Fill Icon	https://dbimtoolkit.digifootprint.gov.in/static/uploads/2024/08/7c4655e3f2f3c1e53fd0553513d0017e.svg
icons/check-box-2.svg	Check Box	line	Line and Fill Icon	https://dbimtoolkit.digifootprint.gov.in/static/uploads/2024/08/d7d6e55d466723ed7c8ff2179d6d96c5.svg
icons/checklist.svg	Checklist	line	Line and Fill Icon	https://dbimtoolkit.digifootprint.gov.in/static/uploads/2024/08/ed98b408795f017deb0144965d115d96.svg
icons/pinterest.svg	Pinterest	line	Line and Fill Icon	https://dbimtoolkit.digifootprint.gov.in/static/uploads/2024/08/242766925ddb5d87bb3c6dac5a11bc08.svg
icons/mobile-install.svg	Mobile Install	line	Line and Fill Icon	https://dbimtoolkit.digifootprint.gov.in/static/uploads/2024/08/82a0fce901b0bca51c2bae040748321b.svg
icons/filter-off.svg	Filter Off	line	Line and Fill Icon	https://dbimtoolkit.digifootprint.gov.in/static/uploads/2024/08/4ef53ef4fb6a09849783b15975b834fc.svg
icons/delete.svg	Delete	line	Line and Fill Icon	https://dbimtoolkit.digifootprint.gov.in/static/uploads/2024/08/9371ddaec9319a724ccb5d59b03a8b86.svg
icons/install-desktop.svg	Install Desktop	line	Same Icon	https://dbimtoolkit.digifootprint.gov.in/static/uploads/2024/08/a959f29de3fef3e723fc9550129f9536.svg
icons/fullscreen-exit.svg	Fullscreen Exit	line	Same Icon	https://dbimtoolkit.digifootprint.gov.in/static/uploads/2024/08/14df11eb64319c5ccba1e96ee79f9e75.svg
icons/file-download-done.svg	File Download Done	line	Same Icon	https://dbimtoolkit.digifootprint.gov.in/static/uploads/2024/08/4dc42e18d825666e505c3c0b164bf8b8.svg
icons/zoom-out.svg	Zoom Out	line	Same Icon	https://dbimtoolkit.digifootprint.gov.in/static/uploads/2024/08/f60e0c7043c05db0160cf42e282030b0.svg
icons/favorite.svg	Favorite	line	Line and Fill Icon	https://dbimtoolkit.digifootprint.gov.in/static/uploads/2024/08/ed73a28165b5fd86422da724d70049f8.svg
icons/archive.svg	Archive	line	Line and Fill Icon	https://dbimtoolkit.digifootprint.gov.in/static/uploads/2024/08/ae46c2d4c96209f4a2e4b2cad51e9b63.svg
icons/close.svg	Close	line	Same Icon	https://dbimtoolkit.digifootprint.gov.in/static/uploads/2024/08/807af85702c6fd95691e0cb3fe1a27ce.svg
icons/whatsapp.svg	WhatsApp	line	Line and Fill Icon	https://dbimtoolkit.digifootprint.gov.in/static/uploads/2024/08/12ead28fad607f2a51216dd548f0d7eb.svg
icons/linkedin.svg	LinkedIn	line	Line and Fill Icon	https://dbimtoolkit.digifootprint.gov.in/static/uploads/2024/08/fb35ee2b0ae460a0ee908d3711dcd355.svg
icons/select-check-box.svg	Select Check Box	line	Same Icon	https://dbimtoolkit.digifootprint.gov.in/static/uploads/2024/08/3fd608fd5841605a536667b04183daa7.svg
icons/multiple-documents.svg	Multiple Documents	line	Line and Fill Icon	https://dbimtoolkit.digifootprint.gov.in/static/uploads/2024/08/ca59f0f7147efba9b24601162da5f1a8.svg
icons/check-circle.svg	Check Circle	line	Line and Fill Icon	https://dbimtoolkit.digifootprint.gov.in/static/uploads/2024/08/e28d29c6c2aba400ef4a4f151f803260.svg
icons/file-download-off.svg	File Download Off	line	Same Icon	https://dbimtoolkit.digifootprint.gov.in/static/uploads/2024/08/1ef73fda18bed767fc6ec8377ba79fa4.svg
icons/accessibility.svg	Accessibility	line	Line and Fill Icon	https://dbimtoolkit.digifootprint.gov.in/static/uploads/2024/08/b1f0d8e5bd635bc06dd228885605a770.svg
icons/add.svg	Add	line	Same Icon	https://dbimtoolkit.digifootprint.gov.in/static/uploads/2024/08/ccfffa740c890ec53c0538441a6e5c77.svg
icons/zoom-in.svg	Zoom In	line	Same Icon	https://dbimtoolkit.digifootprint.gov.in/static/uploads/2024/08/197d993246ca682d127e900957770356.svg
icons/open-in-new.svg	Open In New	line	Same Icon	https://dbimtoolkit.digifootprint.gov.in/static/uploads/2024/08/f122b4ca88c2350fdab1b63f2662a0de.svg
icons/more-horiz.svg	More Horizontal	line	Same Icon	https://dbimtoolkit.digifootprint.gov.in/static/uploads/2024/08/dc8eb98e196d58d8650574541141025d.svg
icons/draft.svg	Draft	line	Line and Fill Icon	https://dbimtoolkit.digifootprint.gov.in/static/uploads/2024/08/0fed8a598bee40cd5a6aac52b540d8f1.svg
icons/add-circle.svg	Add Circle	line	Line and Fill Icon	https://dbimtoolkit.digifootprint.gov.in/static/uploads/2024/08/0b9384992a2c2d1e984b08367d7fe472.svg
icons/check-small.svg	Check Small	line	Same Icon	https://dbimtoolkit.digifootprint.gov.in/static/uploads/2024/08/407566c8734709e7874fcf1d492e36bc.svg
icons/tribal-native-american-sunrays.svg	Native American Sunrays	line	Line and Fill Icon	https://dbimtoolkit.digifootprint.gov.in/static/uploads/2024/08/cd8f4e445ba545fb1d21d1b6229562bd.svg
icons/tribal-native-american-sunrays-fill.svg	Native American Sunrays	fill	Line and Fill Icon	https://dbimtoolkit.digifootprint.gov.in/static/uploads/2024/08/8d2e732e5548eba6131736e9d9ead036.svg
icons/tribal-tribal-men.svg	Tribal Man	line	Line and Fill Icon	https://dbimtoolkit.digifootprint.gov.in/static/uploads/2024/08/5e555708a99cf8724a3bb8c4d161818b.svg
icons/tribal-tribal-men-fill.svg	Tribal Man	fill	Line and Fill Icon	https://dbimtoolkit.digifootprint.gov.in/static/uploads/2024/08/70f12cc355287319f2f7562f00117b5b.svg
icons/tribal-tribe.svg	Tribe	line	Line and Fill Icon	https://dbimtoolkit.digifootprint.gov.in/static/uploads/2024/08/b091852cc09edace4661c65f852b5e28.svg
icons/tribal-tribe-fill.svg	Tribe	fill	Line and Fill Icon	https://dbimtoolkit.digifootprint.gov.in/static/uploads/2024/08/9b031deb357af41f88e1125b0364b14f.svg
icons/tribal-tribal-dance.svg	Tribal Dance	line	Line and Fill Icon	https://dbimtoolkit.digifootprint.gov.in/static/uploads/2024/08/2af6604a3525709cebb0f7fc7e62e6c4.svg
icons/tribal-tribal-dance-fill.svg	Tribal Dance	fill	Line and Fill Icon	https://dbimtoolkit.digifootprint.gov.in/static/uploads/2024/08/9a5b62a59fac8b94156ad12bf1c71a3d.svg
icons/tribal-tiki-mask.svg	Tiki Mask	line	Line and Fill Icon	https://dbimtoolkit.digifootprint.gov.in/static/uploads/2024/08/a0301715ab0638db783c2969313b10eb.svg
icons/tribal-tiki-mask-fill.svg	Tiki Mask	fill	Line and Fill Icon	https://dbimtoolkit.digifootprint.gov.in/static/uploads/2024/08/bedc3ac34b2562de3514132cfc5aad70.svg
icons/tribal-tiki.svg	Tiki	line	Same Icon	https://dbimtoolkit.digifootprint.gov.in/static/uploads/2024/08/3e2b7be242909d9f7750382a30991776.svg
icons/tribal-tiki-fill.svg	Tiki	fill	Same Icon	https://dbimtoolkit.digifootprint.gov.in/static/uploads/2024/08/3e2b7be242909d9f7750382a30991776.svg
icons/tribal-shield-2.svg	Shield	line	Line and Fill Icon	https://dbimtoolkit.digifootprint.gov.in/static/uploads/2024/08/db016f922beff202c03b066fbb045b94.svg
icons/tribal-shield-2-fill.svg	Shield	fill	Line and Fill Icon	https://dbimtoolkit.digifootprint.gov.in/static/uploads/2024/08/d20da1b6f27536bfd95a62dd07295001.svg
icons/tribal-mask-1.svg	Tribal Mask	line	Line and Fill Icon	https://dbimtoolkit.digifootprint.gov.in/static/uploads/2024/08/7ff89ccff307301c9d41d267efc3af34.svg
icons/tribal-mask-1-fill.svg	Tribal Mask	fill	Line and Fill Icon	https://dbimtoolkit.digifootprint.gov.in/static/uploads/2024/08/abe3d5f8df57d64067a8a2a106e592e9.svg
icons/tribal-mask.svg	Mask	line	Line and Fill Icon	https://dbimtoolkit.digifootprint.gov.in/static/uploads/2024/08/c87401788f870d078520b2926bd72d8a.svg
icons/tribal-mask-fill.svg	Mask	fill	Line and Fill Icon	https://dbimtoolkit.digifootprint.gov.in/static/uploads/2024/08/170bc7b1de22e2e6be355dbeea7d2aa9.svg
icons/tribal-hut.svg	Hut	line	Line and Fill Icon	https://dbimtoolkit.digifootprint.gov.in/static/uploads/2024/08/634f1b8fd010674ad0a1b84edb3c89cd.svg
icons/tribal-hut-fill.svg	Hut	fill	Line and Fill Icon	https://dbimtoolkit.digifootprint.gov.in/static/uploads/2024/08/86a5b71784b39b6b9a37fa02d6494f2c.svg
icons/tribal-bull-2.svg	Bull	line	Line and Fill Icon	https://dbimtoolkit.digifootprint.gov.in/static/uploads/2024/08/e3d5eef42bbd56524ceee0fa6e209854.svg
icons/tribal-bull-2-fill.svg	Bull	fill	Line and Fill Icon	https://dbimtoolkit.digifootprint.gov.in/static/uploads/2024/08/c33461edf48cd9805e7c98313b7ead22.svg
icons/park.svg	Park	line	Line and Fill Icon	https://dbimtoolkit.digifootprint.gov.in/static/uploads/2024/08/0989ab73e05f8d566b8c28ce7d56f11f.svg
icons/nature-people.svg	Nature People	line	Line and Fill Icon	https://dbimtoolkit.digifootprint.gov.in/static/uploads/2024/08/fb8c8f10dcc7b1b148b62ab3936d9025.svg
icons/nature.svg	Nature	line	Line and Fill Icon	https://dbimtoolkit.digifootprint.gov.in/static/uploads/2024/08/c9a1340b50aa8ffac88c963c6f617eb8.svg
icons/landscape.svg	Landscape	line	Line and Fill Icon	https://dbimtoolkit.digifootprint.gov.in/static/uploads/2024/08/20f889926bc4816087f747cacebec09a.svg
icons/forest.svg	Forest	line	Line and Fill Icon	https://dbimtoolkit.digifootprint.gov.in/static/uploads/2024/08/aad615db93da94128a7f88cab6853425.svg
icons/accessible.svg	Accessible	line	Same Icon	https://dbimtoolkit.digifootprint.gov.in/static/uploads/2024/08/dba45f1abbc6a2dc33ef9666025df8f0.svg
icons/translate.svg	Translate	line	Same Icon	https://dbimtoolkit.digifootprint.gov.in/static/uploads/2024/08/209542c450be1b345793ac89a3c5f8b3.svg
icons/construction.svg	Construction	line	Line and Fill Icon	https://dbimtoolkit.digifootprint.gov.in/static/uploads/2024/08/4d49a241b3a3178336b6bd4073716902.svg
icons/volunteer-activism-2.svg	Volunteer Activism	line	Line and Fill Icon	https://dbimtoolkit.digifootprint.gov.in/static/uploads/2024/08/7a14a7fd1e8319212793ac5bbb094ce8.svg
icons/volunteer-activism.svg	Volunteer Activism	line	Line and Fill Icon	https://dbimtoolkit.digifootprint.gov.in/static/uploads/2024/08/7a14a7fd1e8319212793ac5bbb094ce8.svg
icons/school.svg	School	line	Line and Fill Icon	https://dbimtoolkit.digifootprint.gov.in/static/uploads/2024/08/84e176b482e4573116555364a83dc5df.svg
icons/campaign.svg	Campaign	line	Line and Fill Icon	https://dbimtoolkit.digifootprint.gov.in/static/uploads/2024/08/52f373051bf6a20cc283fa549f94d736.svg
icons/handshake.svg	Handshake	line	Line and Fill Icon	https://dbimtoolkit.digifootprint.gov.in/static/uploads/2024/08/6cacf980008b97f93af5b40f0da16512.svg
icons/group-2.svg	Group	line	Line and Fill Icon	https://dbimtoolkit.digifootprint.gov.in/static/uploads/2024/08/f5eb000d02efa9f5cda4980f40a4a684.svg
icons/public.svg	Public	line	Same Icon	https://dbimtoolkit.digifootprint.gov.in/static/uploads/2024/08/daa8c41bfced29c3f1e64764c0c479e4.svg
icons/diversity.svg	Diversity	line	Same Icon	https://dbimtoolkit.digifootprint.gov.in/static/uploads/2024/08/7cdd20ba49792d6ec740b6070b062f29.svg